{"cameraMode":{"drawMode":0,"name":"Shaded","section":"Shading Mode"},"sceneLighting":true,"audioPlay":false,"sceneViewState":{"m_AlwaysRefresh":false,"showFog":true,"showSkybox":true,"showFlares":true,"showImageEffects":true,"showParticleSystems":true,"showVisualEffectGraphs":true,"m_FxEnabled":true},"in2DMode":false,"pivot":{"x":0.5002907514572144,"y":0.9008180499076843,"z":0.2130625993013382},"rotation":{"x":0.028331372886896135,"y":0.8480483889579773,"z":0.04557710886001587,"w":-0.5272036194801331},"size":1.2247449159622193,"orthographic":false}